<xml xmlns="http://www.w3.org/1999/xhtml"><block type="general_onsetup" x="12" y="32"><statement name="BODY"><block type="servo_init"><next><block type="servo_enabledisable"><field name="ONOFF">ON</field><next><block type="expression_setekman"><field name="EMOTION">NEUTRAL</field><next><block type="expression_update"><next><block type="sound_saytts"><field name="TEXT">Hi mister Maz! </field><next><block type="general_sleep"><value name="TIME"><block type="math_number"><field name="NUM">2.0</field></block></value><next><block type="sound_saytts"><field name="TEXT">I am a social Robot and my name is Ono</field><next><block type="general_sleep"><value name="TIME"><block type="math_number"><field name="NUM">2.0</field></block></value><next><block type="sound_play"><field name="FILENAME">smb_coin.wav</field><next><block type="general_sleep"><value name="TIME"><block type="math_number"><field name="NUM">2.0</field></block></value><next><block type="expression_setekman"><field name="EMOTION">HAPPY</field><next><block type="expression_update"><next><block type="sound_saytts"><field name="TEXT">How can i help you with your sessions?</field></block></next></block></next></block></next></block></next></block></next></block></next></block></next></block></next></block></next></block></next></block></next></block></next></block></statement></block><block type="general_onquit" x="328" y="34"><statement name="BODY"><block type="servo_enabledisable"><field name="ONOFF">OFF</field></block></statement></block></xml>