<xml xmlns="http://www.w3.org/1999/xhtml"><block type="general_onsetup" x="-11" y="-9"><statement name="BODY"><block type="servo_init"><next><block type="servo_enabledisable"><field name="ONOFF">ON</field><next><block type="touch_init"><field name="ELECTRODE">12</field></block></next></block></next></block></statement></block><block type="general_onloop" x="347" y="5"><statement name="BODY"><block type="touch_etouched"><field name="ELECTRODE">1</field><statement name="BODY_TOU"><block type="expression_setekman"><field name="EMOTION">SURPRISE</field><next><block type="sound_play"><field name="FILENAME">Burp.wav</field><next><block type="expression_update"><next><block type="servo_set"><field name="CHANNEL">3</field><value name="POS"><block type="math_number"><field name="NUM">1100</field></block></value><next><block type="servo_set"><field name="CHANNEL">2</field><value name="POS"><block type="math_number"><field name="NUM">1100</field></block></value><next><block type="servo_set"><field name="CHANNEL">12</field><value name="POS"><block type="math_number"><field name="NUM">2000</field></block></value><next><block type="servo_set"><field name="CHANNEL">13</field><value name="POS"><block type="math_number"><field name="NUM">2000</field></block></value></block></next></block></next></block></next></block></next></block></next></block></next></block></statement><statement name="BODY_REL"><block type="expression_setekman"><field name="EMOTION">NEUTRAL</field><next><block type="expression_update"></block></next></block></statement><next><block type="touch_etouched"><field name="ELECTRODE">4</field><statement name="BODY_TOU"><block type="expression_setekman"><field name="EMOTION">ANGRY</field><next><block type="sound_saytts"><field name="TEXT">auw auw</field><next><block type="expression_update"><next><block type="servo_set"><field name="CHANNEL">3</field><value name="POS"><block type="math_number"><field name="NUM">2000</field></block></value><next><block type="servo_set"><field name="CHANNEL">2</field><value name="POS"><block type="math_number"><field name="NUM">2000</field></block></value><next><block type="servo_set"><field name="CHANNEL">12</field><value name="POS"><block type="math_number"><field name="NUM">1100</field></block></value><next><block type="servo_set"><field name="CHANNEL">13</field><value name="POS"><block type="math_number"><field name="NUM">2000</field></block></value></block></next></block></next></block></next></block></next></block></next></block></next></block></statement><statement name="BODY_REL"><block type="expression_setekman"><field name="EMOTION">NEUTRAL</field><next><block type="expression_update"></block></next></block></statement><next><block type="touch_etouched"><field name="ELECTRODE">7</field><statement name="BODY_TOU"><block type="expression_setekman"><field name="EMOTION">HAPPY</field><next><block type="sound_saytts"><field name="TEXT">ha ha ha ha</field><next><block type="expression_update"><next><block type="servo_set"><field name="CHANNEL">3</field><value name="POS"><block type="math_number"><field name="NUM">1100</field></block></value><next><block type="servo_set"><field name="CHANNEL">2</field><value name="POS"><block type="math_number"><field name="NUM">2000</field></block></value><next><block type="servo_set"><field name="CHANNEL">12</field><value name="POS"><block type="math_number"><field name="NUM">1100</field></block></value><next><block type="servo_set"><field name="CHANNEL">13</field><value name="POS"><block type="math_number"><field name="NUM">1100</field></block></value></block></next></block></next></block></next></block></next></block></next></block></next></block></statement><statement name="BODY_REL"><block type="expression_setekman"><field name="EMOTION">NEUTRAL</field><next><block type="expression_update"></block></next></block></statement><next><block type="touch_etouched"><field name="ELECTRODE">4</field><statement name="BODY_TOU"><block type="touch_etouched"><field name="ELECTRODE">7</field><statement name="BODY_TOU"><block type="expression_setekman"><field name="EMOTION">FEAR</field><next><block type="sound_play"><field name="FILENAME">Kukelekuu.wav</field><next><block type="expression_update"><next><block type="servo_set"><field name="CHANNEL">3</field><value name="POS"><block type="math_number"><field name="NUM">2000</field></block></value><next><block type="servo_set"><field name="CHANNEL">2</field><value name="POS"><block type="math_number"><field name="NUM">2000</field></block></value><next><block type="servo_set"><field name="CHANNEL">12</field><value name="POS"><block type="math_number"><field name="NUM">1100</field></block></value><next><block type="servo_set"><field name="CHANNEL">13</field><value name="POS"><block type="math_number"><field name="NUM">1100</field></block></value></block></next></block></next></block></next></block></next></block></next></block></next></block></statement><statement name="BODY_REL"><block type="expression_setekman"><field name="EMOTION">NEUTRAL</field><next><block type="expression_update"></block></next></block></statement></block></statement><statement name="BODY_REL"><block type="expression_setekman"><field name="EMOTION">NEUTRAL</field><next><block type="expression_update"></block></next></block></statement></block></next></block></next></block></next></block></statement></block><block type="general_onquit" x="-11" y="163"><statement name="BODY"><block type="servo_enabledisable"><field name="ONOFF">OFF</field></block></statement></block></xml>