<xml xmlns="http://www.w3.org/1999/xhtml"><block type="general_onsetup" x="33" y="2"><statement name="BODY"><block type="servo_init"><next><block type="servo_enabledisable"><field name="ONOFF">ON</field><next><block type="expression_setekman"><field name="EMOTION">NEUTRAL</field><next><block type="expression_update"><next><block type="variables_set"><field name="VAR">State</field><value name="VALUE"><block type="text"><field name="TEXT">START</field></block></value><next><block type="variables_set"><field name="VAR">State_started</field><value name="VALUE"><block type="logic_boolean"><field name="BOOL">FALSE</field></block></value></block></next></block></next></block></next></block></next></block></next></block></statement></block><block type="procedures_defnoreturn" x="458" y="19"><field name="NAME">START</field><statement name="STACK"><block type="controls_if"><value name="IF0"><block type="logic_negate"><value name="BOOL"><block type="variables_get"><field name="VAR">State_started</field></block></value></block></value><statement name="DO0"><block type="general_sleep"><value name="TIME"><block type="math_number"><field name="NUM">0.5</field></block></value><next><block type="sound_saytts"><field name="TEXT">Hello! it's me again, ohno!</field><next><block type="expression_setekman"><field name="EMOTION">HAPPY</field><next><block type="expression_update"><next><block type="general_sleep"><value name="TIME"><block type="math_number"><field name="NUM">4</field></block></value><next><block type="sound_saytts"><field name="TEXT">Okay, i am going to ask some questions and it is your job to write down The you answer on a sheet of paper</field><next><block type="general_sleep"><value name="TIME"><block type="math_number"><field name="NUM">7</field></block></value><next><block type="variables_set"><field name="VAR">State_started</field><value name="VALUE"><block type="logic_boolean"><field name="BOOL">TRUE</field></block></value></block></next></block></next></block></next></block></next></block></next></block></next></block></next></block></statement><next><block type="controls_if"><value name="IF0"><block type="logic_compare"><field name="OP">LT</field><value name="A"><block type="hardware_readanalog"><field name="CHANNEL">0</field></block></value><value name="B"><block type="math_number"><field name="NUM">1000</field></block></value></block></value><statement name="DO0"><block type="general_sleep"><value name="TIME"><block type="math_number"><field name="NUM">0.5</field></block></value><next><block type="sound_saytts"><field name="TEXT">Are you ready? Was the test difficult or easy?</field><next><block type="expression_setekman"><field name="EMOTION">NEUTRAL</field><next><block type="expression_update"><next><block type="sound_play"><field name="FILENAME">smb_1-up.wav</field><next><block type="general_sleep"><value name="TIME"><block type="math_number"><field name="NUM">10</field></block></value><next><block type="sound_saytts"><field name="TEXT">Can you draw your favourite emotion?</field><next><block type="general_sleep"><value name="TIME"><block type="math_number"><field name="NUM">15</field></block></value><next><block type="sound_saytts"><field name="TEXT">Next question: Can you remember the first question of the test with the buttons we played earlier?</field><next><block type="general_sleep"><value name="TIME"><block type="math_number"><field name="NUM">8</field></block></value><next><block type="sound_saytts"><field name="TEXT">Write it down</field><next><block type="general_sleep"><value name="TIME"><block type="math_number"><field name="NUM">15</field></block></value><next><block type="variables_set"><field name="VAR">State_started</field><value name="VALUE"><block type="logic_boolean"><field name="BOOL">FALSE</field></block></value></block></next></block></next></block></next></block></next></block></next></block></next></block></next></block></next></block></next></block></next></block></next></block></next></block></statement></block></next></block></statement></block><block type="general_onquit" x="34" y="245"><statement name="BODY"><block type="servo_enabledisable"><field name="ONOFF">OFF</field></block></statement></block><block type="general_onloop" x="31" y="357"><statement name="BODY"><block type="controls_if"><value name="IF0"><block type="logic_compare"><field name="OP">EQ</field><value name="A"><block type="variables_get"><field name="VAR">State</field></block></value><value name="B"><block type="text"><field name="TEXT">START</field></block></value></block></value><statement name="DO0"><block type="procedures_callnoreturn"><mutation name="START"></mutation></block></statement></block></statement></block></xml>