<xml xmlns="http://www.w3.org/1999/xhtml"><block type="general_onsetup" x="79" y="51"><statement name="BODY"><block type="text_print"><value name="TEXT"><block type="text"><field name="TEXT">Hello world!</field></block></value></block></statement></block><block type="general_onloop" x="373" y="77"><statement name="BODY"><block type="hardware_ledonoff"><field name="ONOFF">ON</field><next><block type="general_sleep"><value name="TIME"><block type="math_number"><field name="NUM">0.5</field></block></value><next><block type="hardware_ledonoff"><field name="ONOFF">OFF</field><next><block type="general_sleep"><value name="TIME"><block type="math_number"><field name="NUM">0.5</field></block></value></block></next></block></next></block></next></block></statement></block><block type="general_onquit" x="100" y="186"><statement name="BODY"><block type="hardware_ledonoff"><field name="ONOFF">OFF</field></block></statement></block></xml>