<xml xmlns="http://www.w3.org/1999/xhtml"><block type="general_onsetup" x="9" y="-99"><statement name="BODY"><block type="servo_init"><next><block type="servo_enabledisable"><field name="ONOFF">ON</field><next><block type="expression_setekman"><field name="EMOTION">ANGRY</field></block></next></block></next></block></statement></block><block type="general_onquit" x="9" y="61"><statement name="BODY"><block type="servo_enabledisable"><field name="ONOFF">OFF</field></block></statement></block></xml>