<xml xmlns="http://www.w3.org/1999/xhtml"><block type="general_onsetup" x="9" y="-120"><statement name="BODY"><block type="interface_init"><next><block type="interface_addbutton"><field name="NAME">Play</field><field name="ICON">fa-hand-scissors-o</field><next><block type="interface_addbutton"><field name="NAME">Stop</field><field name="ICON">fa-hand-paper-o</field><next><block type="servo_init"><next><block type="expression_setekman"><field name="EMOTION">NEUTRAL</field><next><block type="expression_update"><next><block type="sound_saytts"><field name="TEXT">hi there! let's play rock,paper,scissors!</field><next><block type="servo_enabledisable"><field name="ONOFF">ON</field></block></next></block></next></block></next></block></next></block></next></block></next></block></next></block></statement></block><block type="general_onloop" x="455" y="-119"><statement name="BODY"><block type="interface_buttonpress"><field name="BUTTON">Play</field><field name="PR_REL">PRESSED</field><statement name="BODY"><block type="sound_saytts"><field name="TEXT">one, two, tree</field><next><block type="expression_setekman"><field name="EMOTION">HAPPY</field><next><block type="expression_update"></block></next></block></next></block></statement><next><block type="interface_buttonpress"><field name="BUTTON">Stop</field><field name="PR_REL">PRESSED</field><statement name="BODY"><block type="expression_setekman"><field name="EMOTION">ANGRY</field><next><block type="expression_update"></block></next></block></statement></block></next></block></statement></block><block type="general_onquit" x="9" y="145"><statement name="BODY"><block type="servo_enabledisable"><field name="ONOFF">OFF</field></block></statement></block><block type="expression_setekman" x="868" y="155"><field name="EMOTION">ANGRY</field><next><block type="general_sleep"><value name="TIME"><block type="math_number"><field name="NUM">5</field></block></value><next><block type="expression_setekman"><field name="EMOTION">SURPRISE</field><next><block type="general_sleep"><value name="TIME"><block type="math_number"><field name="NUM">5</field></block></value></block></next></block></next></block></next></block></xml>