<xml xmlns="http://www.w3.org/1999/xhtml"><block type="general_onsetup" x="39" y="-36"><statement name="BODY"><block type="servo_init"><next><block type="servo_enabledisable"><field name="ONOFF">ON</field><next><block type="variables_set"><field name="VAR">Last spoken</field><value name="VALUE"><block type="general_seconds"></block></value><next><block type="expression_setekman"><field name="EMOTION">SAD</field><next><block type="expression_update"><next><block type="sound_saytts"><field name="TEXT">I am a robot!</field></block></next></block></next></block></next></block></next></block></next></block></statement></block><block type="general_onquit" x="456" y="12"><statement name="BODY"><block type="servo_enabledisable"><field name="ONOFF">OFF</field></block></statement></block><block type="general_onloop" x="329" y="78"><statement name="BODY"><block type="touch_etouched"><field name="ELECTRODE">1</field><statement name="BODY_TOU"><block type="expression_setekman"><field name="EMOTION">HAPPY</field><next><block type="expression_update"><next><block type="sound_saytts"><field name="TEXT">Hihihi!</field><next><block type="general_sleep"><value name="TIME"><block type="math_number"><field name="NUM">2.0</field></block></value><next><block type="sound_saytts"><field name="TEXT">That tickles!</field><next><block type="variables_set"><field name="VAR">Last spoken</field><value name="VALUE"><block type="general_seconds"></block></value></block></next></block></next></block></next></block></next></block></next></block></statement><next><block type="controls_if"><value name="IF0"><block type="logic_compare"><field name="OP">GT</field><value name="A"><block type="math_arithmetic"><field name="OP">MINUS</field><value name="A"><block type="general_seconds"></block></value><value name="B"><block type="variables_get"><field name="VAR">Last spoken</field></block></value></block></value><value name="B"><block type="math_number"><field name="NUM">8</field></block></value></block></value><statement name="DO0"><block type="sound_saytts"><field name="TEXT">I am waiting</field><next><block type="variables_set"><field name="VAR">Last spoken</field><value name="VALUE"><block type="general_seconds"></block></value></block></next></block></statement></block></next></block></statement></block></xml>