<xml xmlns="http://www.w3.org/1999/xhtml"><block type="general_onsetup" x="17" y="6"><statement name="BODY"><block type="servo_init"><next><block type="servo_enabledisable"><field name="ONOFF">ON</field><next><block type="sound_saytts"><field name="TEXT">Hello!</field><next><block type="expression_setekman"><field name="EMOTION">HAPPY</field><next><block type="expression_update"><next><block type="touch_init"><field name="ELECTRODE">3</field></block></next></block></next></block></next></block></next></block></next></block></statement></block><block type="general_onloop" x="290" y="1"><statement name="BODY"><block type="touch_etouched"><field name="ELECTRODE">0</field><statement name="BODY_TOU"><block type="expression_setekman"><field name="EMOTION">SURPRISE</field><next><block type="expression_update"><next><block type="sound_saytts"><field name="TEXT">Oooh!</field></block></next></block></next></block></statement><next><block type="touch_etouched"><field name="ELECTRODE">1</field><statement name="BODY_TOU"><block type="expression_setekman"><field name="EMOTION">HAPPY</field><next><block type="expression_update"><next><block type="sound_saytts"><field name="TEXT">Hihihi!</field><next><block type="general_sleep"><value name="TIME"><block type="math_number"><field name="NUM">2.0</field></block></value><next><block type="sound_saytts"><field name="TEXT">That tickles!</field></block></next></block></next></block></next></block></next></block></statement></block></next></block></statement></block><block type="general_onquit" x="615" y="6"><statement name="BODY"><block type="servo_enabledisable"><field name="ONOFF">OFF</field></block></statement></block></xml>