<xml xmlns="http://www.w3.org/1999/xhtml"><block type="general_onsetup" x="11" y="-53"><statement name="BODY"><block type="interface_init"><next><block type="servo_enabledisable"><field name="ONOFF">ON</field><next><block type="servo_init"><next><block type="expression_setekman"><field name="EMOTION">NEUTRAL</field></block></next></block></next></block></next></block></statement></block><block type="general_onloop" x="312" y="106"><statement name="BODY"><block type="sound_play"><field name="FILENAME">smb_coin.wav</field><next><block type="general_sleep"><value name="TIME"><block type="math_number"><field name="NUM">2.0</field></block></value><next><block type="sound_saytts"><field name="TEXT">I am happy</field><next><block type="expression_setekman"><field name="EMOTION">HAPPY</field><next><block type="expression_update"><next><block type="general_sleep"><value name="TIME"><block type="math_number"><field name="NUM">5</field></block></value><next><block type="sound_play"><field name="FILENAME">smb_powerup.wav</field><next><block type="general_sleep"><value name="TIME"><block type="math_number"><field name="NUM">2.0</field></block></value><next><block type="sound_saytts"><field name="TEXT">I am sad</field><next><block type="expression_setekman"><field name="EMOTION">SAD</field><next><block type="expression_update"><next><block type="general_sleep"><value name="TIME"><block type="math_number"><field name="NUM">5</field></block></value></block></next></block></next></block></next></block></next></block></next></block></next></block></next></block></next></block></next></block></next></block></next></block></statement></block><block type="general_onquit" x="17" y="177"><statement name="BODY"><block type="servo_enabledisable"><field name="ONOFF">OFF</field></block></statement></block></xml>