<xml xmlns="http://www.w3.org/1999/xhtml"><block type="general_onsetup" x="53" y="13"><statement name="BODY"><block type="neo_init"><field name="NUMPIXELS">64</field><next><block type="neo_setall"><field name="COLOR">#ff0000</field><next><block type="neo_brightness"><value name="BRIGHTNESS"><block type="math_number"><field name="NUM">128</field></block></value><next><block type="neo_update"></block></next></block></next></block></next></block></statement></block><block type="general_onloop" x="360" y="84"><statement name="BODY"><block type="controls_for"><field name="VAR">i</field><value name="FROM"><block type="math_number"><field name="NUM">0</field></block></value><value name="TO"><block type="math_number"><field name="NUM">64</field></block></value><value name="BY"><block type="math_number"><field name="NUM">1</field></block></value><statement name="DO"><block type="neo_setpixel"><field name="COLOR">#000000</field><value name="PIXEL"><block type="variables_get"><field name="VAR">i</field></block></value><next><block type="neo_update"><next><block type="neo_setpixel"><field name="COLOR">#33cc00</field><value name="PIXEL"><block type="math_arithmetic"><field name="OP">MINUS</field><value name="A"><block type="variables_get"><field name="VAR">i</field></block></value><value name="B"><block type="math_number"><field name="NUM">1</field></block></value></block></value><next><block type="neo_update"><next><block type="general_sleep"><value name="TIME"><block type="math_number"><field name="NUM">0.1</field></block></value></block></next></block></next></block></next></block></next></block></statement><next><block type="controls_for"><field name="VAR">i</field><value name="FROM"><block type="math_number"><field name="NUM">0</field></block></value><value name="TO"><block type="math_number"><field name="NUM">64</field></block></value><value name="BY"><block type="math_number"><field name="NUM">1</field></block></value><statement name="DO"><block type="neo_setpixel"><field name="COLOR">#3333ff</field><value name="PIXEL"><block type="variables_get"><field name="VAR">i</field></block></value><next><block type="neo_update"><next><block type="neo_setpixel"><field name="COLOR">#ff0000</field><value name="PIXEL"><block type="math_arithmetic"><field name="OP">MINUS</field><value name="A"><block type="variables_get"><field name="VAR">i</field></block></value><value name="B"><block type="math_number"><field name="NUM">1</field></block></value></block></value><next><block type="neo_update"><next><block type="general_sleep"><value name="TIME"><block type="math_number"><field name="NUM">0.1</field></block></value></block></next></block></next></block></next></block></next></block></statement></block></next></block></statement></block></xml>