<xml xmlns="http://www.w3.org/1999/xhtml"><block type="general_onloop" x="393" y="-116"><statement name="BODY"><block type="general_sleep"><value name="TIME"><block type="math_number"><field name="NUM">2.0</field></block></value><next><block type="expression_update"><next><block type="expression_setekman"><field name="EMOTION">SAD</field><next><block type="expression_update"><next><block type="general_sleep"><value name="TIME"><block type="math_number"><field name="NUM">2.0</field></block></value><next><block type="sound_saytts"><field name="TEXT">Will you be my psychotherapist</field><next><block type="expression_update"><next><block type="expression_setekman"><field name="EMOTION">HAPPY</field><next><block type="expression_update" /></next></block></next></block></next></block></next></block></next></block></next></block></next></block></next></block></statement></block><block type="general_onsetup" x="112" y="-97"><statement name="BODY"><block type="servo_init"><next><block type="servo_enabledisable"><field name="ONOFF">ON</field><next><block type="expression_update"><next><block type="expression_setekman"><field name="EMOTION">SURPRISE</field><next><block type="sound_saytts"><field name="TEXT">Hi mister maz</field><next><block type="general_sleep"><value name="TIME"><block type="math_number"><field name="NUM">2.0</field></block></value><next><block type="sound_play"><field name="FILENAME">smb_coin.wav</field></block></next></block></next></block></next></block></next></block></next></block></next></block></statement></block><block type="general_onquit" x="625" y="-116"><statement name="BODY"><block type="servo_enabledisable"><field name="ONOFF">OFF</field></block></statement></block></xml>