<xml xmlns="http://www.w3.org/1999/xhtml"><block type="general_onsetup" x="-10" y="-7"><statement name="BODY"><block type="variables_set"><field name="VAR">State</field><value name="VALUE"><block type="text"><field name="TEXT">START</field></block></value><next><block type="variables_set"><field name="VAR">State_init</field><value name="VALUE"><block type="logic_boolean"><field name="BOOL">FALSE</field></block></value><next><block type="variables_set"><field name="VAR">score</field><value name="VALUE"><block type="math_number"><field name="NUM">0</field></block></value><next><block type="variables_set"><field name="VAR">A_pressed</field><value name="VALUE"><block type="logic_boolean"><field name="BOOL">FALSE</field></block></value><next><block type="touch_init"><field name="ELECTRODE">2</field><next><block type="servo_init"><next><block type="servo_enabledisable"><field name="ONOFF">ON</field><next><block type="expression_setekman"><field name="EMOTION">NEUTRAL</field><next><block type="expression_update"><next><block type="variables_set"><field name="VAR">cola</field><value name="VALUE"><block type="math_number"><field name="NUM">0</field></block></value><next><block type="variables_set"><field name="VAR">Qn_C2_B0</field><value name="VALUE"><block type="math_number"><field name="NUM">0</field></block></value></block></next></block></next></block></next></block></next></block></next></block></next></block></next></block></next></block></next></block></next></block></statement></block><block type="general_onloop" x="288" y="-2"><statement name="BODY"><block type="controls_if"><mutation elseif="7"></mutation><value name="IF0"><block type="logic_compare"><field name="OP">EQ</field><value name="A"><block type="variables_get"><field name="VAR">State</field></block></value><value name="B"><block type="text"><field name="TEXT">START</field></block></value></block></value><statement name="DO0"><block type="procedures_callnoreturn"><mutation name="do_START"></mutation></block></statement><value name="IF1"><block type="logic_compare"><field name="OP">EQ</field><value name="A"><block type="variables_get"><field name="VAR">State</field></block></value><value name="B"><block type="text"><field name="TEXT">INTRO_1</field></block></value></block></value><statement name="DO1"><block type="procedures_callnoreturn"><mutation name="do_INTRO_1"></mutation></block></statement><value name="IF2"><block type="logic_compare"><field name="OP">EQ</field><value name="A"><block type="variables_get"><field name="VAR">State</field></block></value><value name="B"><block type="text"><field name="TEXT">INTRO_2</field></block></value></block></value><statement name="DO2"><block type="procedures_callnoreturn"><mutation name="do_INTRO_2"></mutation></block></statement><value name="IF3"><block type="logic_compare"><field name="OP">EQ</field><value name="A"><block type="variables_get"><field name="VAR">State</field></block></value><value name="B"><block type="text"><field name="TEXT">INTRO_3</field></block></value></block></value><statement name="DO3"><block type="procedures_callnoreturn"><mutation name="do_INTRO_3"></mutation></block></statement><value name="IF4"><block type="logic_compare"><field name="OP">EQ</field><value name="A"><block type="variables_get"><field name="VAR">State</field></block></value><value name="B"><block type="text"><field name="TEXT">INTRO_4</field></block></value></block></value><statement name="DO4"><block type="procedures_callnoreturn"><mutation name="do_INTRO_4"></mutation></block></statement><value name="IF5"><block type="logic_compare"><field name="OP">EQ</field><value name="A"><block type="variables_get"><field name="VAR">State</field></block></value><value name="B"><block type="text"><field name="TEXT">INTRO_5</field></block></value></block></value><statement name="DO5"><block type="procedures_callnoreturn"><mutation name="do_INTRO_5"></mutation></block></statement><value name="IF6"><block type="logic_compare"><field name="OP">EQ</field><value name="A"><block type="variables_get"><field name="VAR">State</field></block></value><value name="B"><block type="text"><field name="TEXT">CALC</field></block></value></block></value><statement name="DO6"><block type="procedures_callnoreturn"><mutation name="do_CALC"></mutation></block></statement><value name="IF7"><block type="logic_compare"><field name="OP">EQ</field><value name="A"><block type="variables_get"><field name="VAR">State</field></block></value><value name="B"><block type="text"><field name="TEXT">END</field></block></value></block></value><statement name="DO7"><block type="procedures_callnoreturn"><mutation name="do_END"></mutation></block></statement></block></statement></block><block type="procedures_defnoreturn" x="781" y="3"><field name="NAME">do_START</field><statement name="STACK"><block type="controls_if"><value name="IF0"><block type="logic_negate"><value name="BOOL"><block type="variables_get"><field name="VAR">State_init</field></block></value></block></value><statement name="DO0"><block type="general_sleep"><value name="TIME"><block type="math_number"><field name="NUM">0.5</field></block></value><next><block type="sound_saytts"><field name="TEXT">Hi! I am Ohno, the social Robot!, Nice to meet you Braam.</field><next><block type="general_sleep"><value name="TIME"><block type="math_number"><field name="NUM">6</field></block></value><next><block type="sound_saytts"><field name="TEXT">We are going to play a game; </field><next><block type="general_sleep"><value name="TIME"><block type="math_number"><field name="NUM">3</field></block></value><next><block type="sound_saytts"><field name="TEXT">Score points by giving the correct answer</field><next><block type="general_sleep"><value name="TIME"><block type="math_number"><field name="NUM">4</field></block></value><next><block type="sound_saytts"><field name="TEXT">Let's test this: Press Ay.</field><next><block type="expression_setekman"><field name="EMOTION">HAPPY</field><next><block type="expression_update"><next><block type="general_sleep"><value name="TIME"><block type="math_number"><field name="NUM">2.5</field></block></value><next><block type="variables_set"><field name="VAR">State_init</field><value name="VALUE"><block type="logic_boolean"><field name="BOOL">TRUE</field></block></value></block></next></block></next></block></next></block></next></block></next></block></next></block></next></block></next></block></next></block></next></block></next></block></statement><next><block type="controls_if"><value name="IF0"><block type="logic_compare"><field name="OP">GT</field><value name="A"><block type="hardware_readanalog"><field name="CHANNEL">1</field></block></value><value name="B"><block type="math_number"><field name="NUM">1000</field></block></value></block></value><statement name="DO0"><block type="sound_play"><field name="FILENAME">smb_coin.wav</field><next><block type="general_sleep"><value name="TIME"><block type="math_number"><field name="NUM">2</field></block></value><next><block type="expression_setekman"><field name="EMOTION">SURPRISE</field><next><block type="expression_update"><next><block type="sound_saytts"><field name="TEXT">Very Good!</field><next><block type="general_sleep"><value name="TIME"><block type="math_number"><field name="NUM">1.5</field></block></value><next><block type="sound_saytts"><field name="TEXT">And now press Bee</field><next><block type="variables_set"><field name="VAR">A_pressed</field><value name="VALUE"><block type="logic_boolean"><field name="BOOL">TRUE</field></block></value><next><block type="general_sleep"><value name="TIME"><block type="math_number"><field name="NUM">2</field></block></value></block></next></block></next></block></next></block></next></block></next></block></next></block></next></block></next></block></statement><next><block type="controls_if"><value name="IF0"><block type="logic_operation"><field name="OP">AND</field><value name="A"><block type="logic_compare"><field name="OP">GT</field><value name="A"><block type="hardware_readanalog"><field name="CHANNEL">0</field></block></value><value name="B"><block type="math_number"><field name="NUM">1000</field></block></value></block></value><value name="B"><block type="variables_get"><field name="VAR">A_pressed</field></block></value></block></value><statement name="DO0"><block type="expression_setekman"><field name="EMOTION">HAPPY</field><next><block type="expression_update"><next><block type="sound_play"><field name="FILENAME">smb_coin.wav</field><next><block type="general_sleep"><value name="TIME"><block type="math_number"><field name="NUM">2</field></block></value><next><block type="sound_saytts"><field name="TEXT">Amazing! Well done Bram!</field><next><block type="general_sleep"><value name="TIME"><block type="math_number"><field name="NUM">3.5</field></block></value><next><block type="variables_set"><field name="VAR">State</field><value name="VALUE"><block type="text"><field name="TEXT">INTRO_1</field></block></value><next><block type="variables_set"><field name="VAR">State_init</field><value name="VALUE"><block type="logic_boolean"><field name="BOOL">FALSE</field></block></value><next><block type="general_sleep"><value name="TIME"><block type="math_number"><field name="NUM">0.5</field></block></value></block></next></block></next></block></next></block></next></block></next></block></next></block></next></block></next></block></statement></block></next></block></next></block></statement></block><block type="procedures_defnoreturn" x="1472" y="2"><field name="NAME">do_INTRO_1</field><statement name="STACK"><block type="controls_if"><value name="IF0"><block type="logic_negate"><value name="BOOL"><block type="variables_get"><field name="VAR">State_init</field></block></value></block></value><statement name="DO0"><block type="sound_saytts"><field name="TEXT">Lest's start this game!</field><next><block type="expression_setekman"><field name="EMOTION">NEUTRAL</field><next><block type="expression_update"><next><block type="general_sleep"><value name="TIME"><block type="math_number"><field name="NUM">3</field></block></value><next><block type="sound_saytts"><field name="TEXT">Here comes  question 1: What was  my name again?</field><next><block type="general_sleep"><value name="TIME"><block type="math_number"><field name="NUM">4</field></block></value><next><block type="sound_saytts"><field name="TEXT">Is it Ay: Ohno. Or Bee: Sally?</field><next><block type="general_sleep"><value name="TIME"><block type="math_number"><field name="NUM">3</field></block></value><next><block type="variables_set"><field name="VAR">State_init</field><value name="VALUE"><block type="logic_boolean"><field name="BOOL">TRUE</field></block></value></block></next></block></next></block></next></block></next></block></next></block></next></block></next></block></next></block></statement><next><block type="controls_if"><value name="IF0"><block type="logic_compare"><field name="OP">GT</field><value name="A"><block type="hardware_readanalog"><field name="CHANNEL">1</field></block></value><value name="B"><block type="math_number"><field name="NUM">1000</field></block></value></block></value><statement name="DO0"><block type="expression_setekman"><field name="EMOTION">SURPRISE</field><next><block type="expression_update"><next><block type="sound_play"><field name="FILENAME">smb_coin.wav</field><next><block type="general_sleep"><value name="TIME"><block type="math_number"><field name="NUM">2</field></block></value><next><block type="sound_saytts"><field name="TEXT">Well done! You remembered! One point for Bram!</field><next><block type="general_sleep"><value name="TIME"><block type="math_number"><field name="NUM">4</field></block></value><next><block type="math_change"><field name="VAR">score</field><value name="DELTA"><block type="math_number"><field name="NUM">1</field></block></value><next><block type="text_print"><value name="TEXT"><block type="text_join"><mutation items="2"></mutation><value name="ADD0"><block type="text"><field name="TEXT">Score: </field></block></value><value name="ADD1"><block type="variables_get"><field name="VAR">score</field></block></value></block></value><next><block type="general_sleep"><value name="TIME"><block type="math_number"><field name="NUM">0.5</field></block></value><next><block type="variables_set"><field name="VAR">State</field><value name="VALUE"><block type="text"><field name="TEXT">INTRO_2</field></block></value><next><block type="variables_set"><field name="VAR">State_init</field><value name="VALUE"><block type="logic_boolean"><field name="BOOL">FALSE</field></block></value></block></next></block></next></block></next></block></next></block></next></block></next></block></next></block></next></block></next></block></next></block></statement><next><block type="controls_if"><value name="IF0"><block type="logic_compare"><field name="OP">GT</field><value name="A"><block type="hardware_readanalog"><field name="CHANNEL">0</field></block></value><value name="B"><block type="math_number"><field name="NUM">1000</field></block></value></block></value><statement name="DO0"><block type="sound_play"><field name="FILENAME">smb3_jump.wav</field><next><block type="expression_setekman"><field name="EMOTION">SAD</field><next><block type="expression_update"><next><block type="general_sleep"><value name="TIME"><block type="math_number"><field name="NUM">2</field></block></value><next><block type="sound_saytts"><field name="TEXT">Wrong! My name is Ohno. No points scored</field><next><block type="general_sleep"><value name="TIME"><block type="math_number"><field name="NUM">6</field></block></value><next><block type="variables_set"><field name="VAR">State</field><value name="VALUE"><block type="text"><field name="TEXT">INTRO_2</field></block></value><next><block type="variables_set"><field name="VAR">State_init</field><value name="VALUE"><block type="logic_boolean"><field name="BOOL">FALSE</field></block></value></block></next></block></next></block></next></block></next></block></next></block></next></block></next></block></statement></block></next></block></next></block></statement></block><block type="procedures_defnoreturn" x="2015" y="-11"><field name="NAME">do_INTRO_2</field><statement name="STACK"><block type="controls_if"><value name="IF0"><block type="logic_negate"><value name="BOOL"><block type="variables_get"><field name="VAR">State_init</field></block></value></block></value><statement name="DO0"><block type="sound_saytts"><field name="TEXT">Question 2. I have drank 7 glasses of Coca Cola today,  would that be too much?</field><next><block type="expression_setekman"><field name="EMOTION">NEUTRAL</field><next><block type="expression_update"><next><block type="general_sleep"><value name="TIME"><block type="math_number"><field name="NUM">7</field></block></value><next><block type="sound_saytts"><field name="TEXT">Press Ay for No. Or press Bee for Yes</field><next><block type="general_sleep"><value name="TIME"><block type="math_number"><field name="NUM">4</field></block></value><next><block type="variables_set"><field name="VAR">State_init</field><value name="VALUE"><block type="logic_boolean"><field name="BOOL">TRUE</field></block></value></block></next></block></next></block></next></block></next></block></next></block></next></block></statement><next><block type="controls_if"><value name="IF0"><block type="logic_compare"><field name="OP">GT</field><value name="A"><block type="hardware_readanalog"><field name="CHANNEL">0</field></block></value><value name="B"><block type="math_number"><field name="NUM">1000</field></block></value></block></value><statement name="DO0"><block type="sound_play"><field name="FILENAME">smb_coin.wav</field><next><block type="expression_setekman"><field name="EMOTION">HAPPY</field><next><block type="expression_update"><next><block type="general_sleep"><value name="TIME"><block type="math_number"><field name="NUM">2</field></block></value><next><block type="sound_saytts"><field name="TEXT">Very good! Another point scored! I think you are very smart!</field><next><block type="general_sleep"><value name="TIME"><block type="math_number"><field name="NUM">6</field></block></value><next><block type="math_change"><field name="VAR">score</field><value name="DELTA"><block type="math_number"><field name="NUM">1</field></block></value><next><block type="text_print"><value name="TEXT"><block type="text_join"><mutation items="2"></mutation><value name="ADD0"><block type="text"><field name="TEXT">Score: </field></block></value><value name="ADD1"><block type="variables_get"><field name="VAR">score</field></block></value></block></value><next><block type="general_sleep"><value name="TIME"><block type="math_number"><field name="NUM">0.5</field></block></value><next><block type="variables_set"><field name="VAR">State_init</field><value name="VALUE"><block type="logic_boolean"><field name="BOOL">FALSE</field></block></value><next><block type="variables_set"><field name="VAR">State</field><value name="VALUE"><block type="text"><field name="TEXT">INTRO_3</field></block></value></block></next></block></next></block></next></block></next></block></next></block></next></block></next></block></next></block></next></block></next></block></statement><next><block type="controls_if"><value name="IF0"><block type="logic_compare"><field name="OP">GT</field><value name="A"><block type="hardware_readanalog"><field name="CHANNEL">1</field></block></value><value name="B"><block type="math_number"><field name="NUM">1000</field></block></value></block></value><statement name="DO0"><block type="sound_play"><field name="FILENAME">smb3_jump.wav</field><next><block type="general_sleep"><value name="TIME"><block type="math_number"><field name="NUM">2</field></block></value><next><block type="expression_setekman"><field name="EMOTION">DISGUST</field><next><block type="expression_update"><next><block type="general_sleep"><value name="TIME"><block type="math_number"><field name="NUM">0.5</field></block></value><next><block type="variables_set"><field name="VAR">State_init</field><value name="VALUE"><block type="logic_boolean"><field name="BOOL">FALSE</field></block></value><next><block type="variables_set"><field name="VAR">State</field><value name="VALUE"><block type="text"><field name="TEXT">INTRO_3</field></block></value></block></next></block></next></block></next></block></next></block></next></block></next></block></statement></block></next></block></next></block></statement></block><block type="procedures_defnoreturn" x="2554" y="2"><field name="NAME">do_INTRO_3</field><statement name="STACK"><block type="controls_if"><value name="IF0"><block type="logic_negate"><value name="BOOL"><block type="variables_get"><field name="VAR">State_init</field></block></value></block></value><statement name="DO0"><block type="sound_saytts"><field name="TEXT">Question 3. How many have you drank today?</field><next><block type="general_sleep"><value name="TIME"><block type="math_number"><field name="NUM">6</field></block></value><next><block type="expression_setekman"><field name="EMOTION">HAPPY</field><next><block type="expression_update"><next><block type="sound_saytts"><field name="TEXT">Press button Bee slowly as many times as you drank one glass of coca cola and to end the counting, press button Ay</field><next><block type="general_sleep"><value name="TIME"><block type="math_number"><field name="NUM">9</field></block></value><next><block type="sound_saytts"><field name="TEXT">for example: if you had 2 glasses; press button Bee two times but slowly and press button Ay once to end.</field><next><block type="variables_set"><field name="VAR">State_init</field><value name="VALUE"><block type="logic_boolean"><field name="BOOL">TRUE</field></block></value></block></next></block></next></block></next></block></next></block></next></block></next></block></next></block></statement><next><block type="controls_if"><value name="IF0"><block type="logic_compare"><field name="OP">GT</field><value name="A"><block type="hardware_readanalog"><field name="CHANNEL">0</field></block></value><value name="B"><block type="math_number"><field name="NUM">1000</field></block></value></block></value><statement name="DO0"><block type="math_change"><field name="VAR">cola</field><value name="DELTA"><block type="math_number"><field name="NUM">1</field></block></value><next><block type="general_sleep"><value name="TIME"><block type="math_number"><field name="NUM">0.5</field></block></value><next><block type="text_print"><value name="TEXT"><block type="text_join"><mutation items="2"></mutation><value name="ADD0"><block type="text"><field name="TEXT">Glasses of cola </field></block></value><value name="ADD1"><block type="variables_get"><field name="VAR">cola</field></block></value></block></value><next><block type="sound_play"><field name="FILENAME">smb_coin.wav</field><next><block type="general_sleep"><value name="TIME"><block type="math_number"><field name="NUM">1</field></block></value></block></next></block></next></block></next></block></next></block></statement><next><block type="controls_if"><value name="IF0"><block type="logic_compare"><field name="OP">GT</field><value name="A"><block type="hardware_readanalog"><field name="CHANNEL">1</field></block></value><value name="B"><block type="math_number"><field name="NUM">1000</field></block></value></block></value><statement name="DO0"><block type="controls_if"><mutation else="1"></mutation><value name="IF0"><block type="logic_compare"><field name="OP">LT</field><value name="A"><block type="variables_get"><field name="VAR">cola</field></block></value><value name="B"><block type="math_number"><field name="NUM">2</field></block></value></block></value><statement name="DO0"><block type="sound_play"><field name="FILENAME">LOZ_Secret.wav</field><next><block type="general_sleep"><value name="TIME"><block type="math_number"><field name="NUM">2</field></block></value><next><block type="sound_saytts"><field name="TEXT">Nice! Not only smart, but healthy too!</field><next><block type="general_sleep"><value name="TIME"><block type="math_number"><field name="NUM">3.5</field></block></value><next><block type="expression_setekman"><field name="EMOTION">HAPPY</field><next><block type="expression_update"><next><block type="math_change"><field name="VAR">score</field><value name="DELTA"><block type="math_number"><field name="NUM">1</field></block></value><next><block type="text_print"><value name="TEXT"><block type="text_join"><mutation items="2"></mutation><value name="ADD0"><block type="text"><field name="TEXT">Score: </field></block></value><value name="ADD1"><block type="variables_get"><field name="VAR">score</field></block></value></block></value><next><block type="general_sleep"><value name="TIME"><block type="math_number"><field name="NUM">1</field></block></value></block></next></block></next></block></next></block></next></block></next></block></next></block></next></block></next></block></statement><statement name="ELSE"><block type="expression_setekman"><field name="EMOTION">ANGRY</field><next><block type="expression_update"><next><block type="general_sleep"><value name="TIME"><block type="math_number"><field name="NUM">3</field></block></value><next><block type="sound_play"><field name="FILENAME">smb3_jump.wav</field><next><block type="general_sleep"><value name="TIME"><block type="math_number"><field name="NUM">2</field></block></value><next><block type="sound_saytts"><field name="TEXT">Ooh! That's not healthy! You are going to get yellow teeth! haha</field><next><block type="general_sleep"><value name="TIME"><block type="math_number"><field name="NUM">6</field></block></value></block></next></block></next></block></next></block></next></block></next></block></next></block></statement><next><block type="general_sleep"><value name="TIME"><block type="math_number"><field name="NUM">1</field></block></value><next><block type="variables_set"><field name="VAR">State_init</field><value name="VALUE"><block type="logic_boolean"><field name="BOOL">FALSE</field></block></value><next><block type="variables_set"><field name="VAR">State</field><value name="VALUE"><block type="text"><field name="TEXT">INTRO_4</field></block></value></block></next></block></next></block></next></block></statement></block></next></block></next></block></statement></block><block type="procedures_defnoreturn" x="3095" y="-9"><field name="NAME">do_INTRO_4</field><statement name="STACK"><block type="controls_if"><value name="IF0"><block type="logic_negate"><value name="BOOL"><block type="variables_get"><field name="VAR">State_init</field></block></value></block></value><statement name="DO0"><block type="expression_setekman"><field name="EMOTION">NEUTRAL</field><next><block type="expression_update"><next><block type="sound_saytts"><field name="TEXT">Next question: How many questions have been asked so far?</field><next><block type="general_sleep"><value name="TIME"><block type="math_number"><field name="NUM">6</field></block></value><next><block type="sound_saytts"><field name="TEXT">for example: if you think 3 questions; press button Bee 3 times but slowly and  to end the counting, press button Ay</field><next><block type="general_sleep"><value name="TIME"><block type="math_number"><field name="NUM">9</field></block></value><next><block type="variables_set"><field name="VAR">State_init</field><value name="VALUE"><block type="logic_boolean"><field name="BOOL">TRUE</field></block></value></block></next></block></next></block></next></block></next></block></next></block></next></block></statement><next><block type="controls_if"><value name="IF0"><block type="logic_compare"><field name="OP">GT</field><value name="A"><block type="hardware_readanalog"><field name="CHANNEL">0</field></block></value><value name="B"><block type="math_number"><field name="NUM">1000</field></block></value></block></value><statement name="DO0"><block type="math_change"><field name="VAR">Qn_C2_B0</field><value name="DELTA"><block type="math_number"><field name="NUM">1</field></block></value><next><block type="general_sleep"><value name="TIME"><block type="math_number"><field name="NUM">0.5</field></block></value><next><block type="text_print"><value name="TEXT"><block type="text_join"><mutation items="2"></mutation><value name="ADD0"><block type="text"><field name="TEXT">Button B presses</field></block></value><value name="ADD1"><block type="variables_get"><field name="VAR">Qn_C2_B0</field></block></value></block></value><next><block type="sound_play"><field name="FILENAME">smb_coin.wav</field><next><block type="general_sleep"><value name="TIME"><block type="math_number"><field name="NUM">1</field></block></value></block></next></block></next></block></next></block></next></block></statement><next><block type="controls_if"><value name="IF0"><block type="logic_compare"><field name="OP">GT</field><value name="A"><block type="hardware_readanalog"><field name="CHANNEL">1</field></block></value><value name="B"><block type="math_number"><field name="NUM">1000</field></block></value></block></value><statement name="DO0"><block type="controls_if"><mutation else="1"></mutation><value name="IF0"><block type="logic_compare"><field name="OP">EQ</field><value name="A"><block type="variables_get"><field name="VAR">Qn_C2_B0</field></block></value><value name="B"><block type="math_number"><field name="NUM">4</field></block></value></block></value><statement name="DO0"><block type="sound_play"><field name="FILENAME">LOZ_Secret.wav</field><next><block type="general_sleep"><value name="TIME"><block type="math_number"><field name="NUM">2</field></block></value><next><block type="sound_saytts"><field name="TEXT">Alright! This is Question number 4 indeed! Another point scored!</field><next><block type="general_sleep"><value name="TIME"><block type="math_number"><field name="NUM">6</field></block></value><next><block type="expression_setekman"><field name="EMOTION">HAPPY</field><next><block type="expression_update"><next><block type="math_change"><field name="VAR">score</field><value name="DELTA"><block type="math_number"><field name="NUM">1</field></block></value><next><block type="text_print"><value name="TEXT"><block type="text_join"><mutation items="2"></mutation><value name="ADD0"><block type="text"><field name="TEXT">Score: </field></block></value><value name="ADD1"><block type="variables_get"><field name="VAR">score</field></block></value></block></value><next><block type="general_sleep"><value name="TIME"><block type="math_number"><field name="NUM">1</field></block></value></block></next></block></next></block></next></block></next></block></next></block></next></block></next></block></next></block></statement><statement name="ELSE"><block type="general_sleep"><value name="TIME"><block type="math_number"><field name="NUM">3</field></block></value><next><block type="expression_setekman"><field name="EMOTION">DISGUST</field><next><block type="expression_update"><next><block type="sound_play"><field name="FILENAME">smb3_jump.wav</field><next><block type="general_sleep"><value name="TIME"><block type="math_number"><field name="NUM">2</field></block></value><next><block type="sound_saytts"><field name="TEXT">Ow, that is not correct. No points scored</field></block></next></block></next></block></next></block></next></block></next></block></statement><next><block type="general_sleep"><value name="TIME"><block type="math_number"><field name="NUM">1</field></block></value><next><block type="variables_set"><field name="VAR">State_init</field><value name="VALUE"><block type="logic_boolean"><field name="BOOL">FALSE</field></block></value><next><block type="variables_set"><field name="VAR">State</field><value name="VALUE"><block type="text"><field name="TEXT">INTRO_5</field></block></value></block></next></block></next></block></next></block></statement></block></next></block></next></block></statement></block><block type="procedures_defnoreturn" x="3717" y="0"><field name="NAME">do_INTRO_5</field><statement name="STACK"><block type="controls_if"><value name="IF0"><block type="logic_negate"><value name="BOOL"><block type="variables_get"><field name="VAR">State_init</field></block></value></block></value><statement name="DO0"><block type="expression_setekman"><field name="EMOTION">NEUTRAL</field><next><block type="expression_update"><next><block type="sound_saytts"><field name="TEXT">Last question. If i mix Yellow and red, what color do i get?</field><next><block type="general_sleep"><value name="TIME"><block type="math_number"><field name="NUM">10</field></block></value><next><block type="sound_saytts"><field name="TEXT">Press button B for Orange and button Aah for Green.</field><next><block type="general_sleep"><value name="TIME"><block type="math_number"><field name="NUM">5</field></block></value><next><block type="variables_set"><field name="VAR">State_init</field><value name="VALUE"><block type="logic_boolean"><field name="BOOL">TRUE</field></block></value></block></next></block></next></block></next></block></next></block></next></block></next></block></statement><next><block type="controls_if"><value name="IF0"><block type="logic_compare"><field name="OP">GT</field><value name="A"><block type="hardware_readanalog"><field name="CHANNEL">1</field></block></value><value name="B"><block type="math_number"><field name="NUM">1000</field></block></value></block></value><statement name="DO0"><block type="expression_setekman"><field name="EMOTION">DISGUST</field><next><block type="expression_update"><next><block type="sound_play"><field name="FILENAME">smb3_jump.wav</field><next><block type="general_sleep"><value name="TIME"><block type="math_number"><field name="NUM">2</field></block></value><next><block type="sound_saytts"><field name="TEXT">Oh that's a shame. It was Orange. Next time better!</field><next><block type="general_sleep"><value name="TIME"><block type="math_number"><field name="NUM">4</field></block></value><next><block type="variables_set"><field name="VAR">State_init</field><value name="VALUE"><block type="logic_boolean"><field name="BOOL">FALSE</field></block></value><next><block type="variables_set"><field name="VAR">State</field><value name="VALUE"><block type="text"><field name="TEXT">CALC</field></block></value></block></next></block></next></block></next></block></next></block></next></block></next></block></next></block></statement><next><block type="controls_if"><value name="IF0"><block type="logic_compare"><field name="OP">GT</field><value name="A"><block type="hardware_readanalog"><field name="CHANNEL">0</field></block></value><value name="B"><block type="math_number"><field name="NUM">1000</field></block></value></block></value><statement name="DO0"><block type="expression_setekman"><field name="EMOTION">HAPPY</field><next><block type="expression_update"><next><block type="sound_play"><field name="FILENAME">smb_coin.wav</field><next><block type="math_change"><field name="VAR">score</field><value name="DELTA"><block type="math_number"><field name="NUM">1</field></block></value><next><block type="text_print"><value name="TEXT"><block type="text_join"><mutation items="2"></mutation><value name="ADD0"><block type="text"><field name="TEXT">Score: </field></block></value><value name="ADD1"><block type="variables_get"><field name="VAR">score</field></block></value></block></value><next><block type="general_sleep"><value name="TIME"><block type="math_number"><field name="NUM">2.5</field></block></value><next><block type="sound_saytts"><field name="TEXT">Very good! I bet you will be a great artist one day!</field><next><block type="general_sleep"><value name="TIME"><block type="math_number"><field name="NUM">6</field></block></value><next><block type="variables_set"><field name="VAR">State_init</field><value name="VALUE"><block type="logic_boolean"><field name="BOOL">FALSE</field></block></value><next><block type="variables_set"><field name="VAR">State</field><value name="VALUE"><block type="text"><field name="TEXT">CALC</field></block></value></block></next></block></next></block></next></block></next></block></next></block></next></block></next></block></next></block></next></block></statement></block></next></block></next></block></statement></block><block type="procedures_defnoreturn" x="4907" y="-54"><field name="NAME">do_END</field><statement name="STACK"><block type="controls_if"><value name="IF0"><block type="logic_negate"><value name="BOOL"><block type="variables_get"><field name="VAR">State_init</field></block></value></block></value><statement name="DO0"><block type="expression_setekman"><field name="EMOTION">HAPPY</field><next><block type="expression_update"><next><block type="sound_saytts"><field name="TEXT">Congratulations, you have officially closed your first test with me. A social robot. Did you like it? </field><next><block type="general_sleep"><value name="TIME"><block type="math_number"><field name="NUM">9</field></block></value><next><block type="sound_saytts"><field name="TEXT">You can just say Yes or No out loud!</field><next><block type="general_sleep"><value name="TIME"><block type="math_number"><field name="NUM">6</field></block></value><next><block type="expression_setekman"><field name="EMOTION">SURPRISE</field><next><block type="expression_update"><next><block type="general_sleep"><value name="TIME"><block type="math_number"><field name="NUM">3</field></block></value><next><block type="sound_saytts"><field name="TEXT">Well, goodbye! See you next time!</field><next><block type="expression_setekman"><field name="EMOTION">HAPPY</field><next><block type="expression_update"><next><block type="variables_set"><field name="VAR">State_init</field><value name="VALUE"><block type="logic_boolean"><field name="BOOL">FALSE</field></block></value><next><block type="variables_set"><field name="VAR">State</field><value name="VALUE"><block type="text"><field name="TEXT"></field></block></value></block></next></block></next></block></next></block></next></block></next></block></next></block></next></block></next></block></next></block></next></block></next></block></next></block></next></block></statement></block></statement></block><block type="procedures_defnoreturn" x="4341" y="-10"><field name="NAME">do_CALC</field><statement name="STACK"><block type="expression_setekman"><field name="EMOTION">NEUTRAL</field><next><block type="expression_update"><next><block type="sound_saytts"><field name="TEXT">The moment of truth! I will calculate your score. Just a moment please</field><next><block type="general_sleep"><value name="TIME"><block type="math_number"><field name="NUM">6</field></block></value><next><block type="expression_setekman"><field name="EMOTION">HAPPY</field><next><block type="expression_update"><next><block type="controls_if"><mutation elseif="5" else="1"></mutation><value name="IF0"><block type="logic_compare"><field name="OP">EQ</field><value name="A"><block type="variables_get"><field name="VAR">score</field></block></value><value name="B"><block type="math_number"><field name="NUM">0</field></block></value></block></value><statement name="DO0"><block type="sound_saytts"><field name="TEXT">Your score is 0. I am sure you can do better!</field></block></statement><value name="IF1"><block type="logic_compare"><field name="OP">EQ</field><value name="A"><block type="variables_get"><field name="VAR">score</field></block></value><value name="B"><block type="math_number"><field name="NUM">1</field></block></value></block></value><statement name="DO1"><block type="sound_saytts"><field name="TEXT">Your score is 1. I am sure you can do better!</field></block></statement><value name="IF2"><block type="logic_compare"><field name="OP">EQ</field><value name="A"><block type="variables_get"><field name="VAR">score</field></block></value><value name="B"><block type="math_number"><field name="NUM">2</field></block></value></block></value><statement name="DO2"><block type="sound_saytts"><field name="TEXT">Your score is 2. Not bad, but I am sure you can do better!</field></block></statement><value name="IF3"><block type="logic_compare"><field name="OP">EQ</field><value name="A"><block type="variables_get"><field name="VAR">score</field></block></value><value name="B"><block type="math_number"><field name="NUM">3</field></block></value></block></value><statement name="DO3"><block type="sound_saytts"><field name="TEXT">Your score is 3. Not bad, but I am sure you can do better!</field></block></statement><value name="IF4"><block type="logic_compare"><field name="OP">EQ</field><value name="A"><block type="variables_get"><field name="VAR">score</field></block></value><value name="B"><block type="math_number"><field name="NUM">4</field></block></value></block></value><statement name="DO4"><block type="sound_saytts"><field name="TEXT">Your score is 4. Wonderful! That is very good!</field></block></statement><value name="IF5"><block type="logic_compare"><field name="OP">EQ</field><value name="A"><block type="variables_get"><field name="VAR">score</field></block></value><value name="B"><block type="math_number"><field name="NUM">5</field></block></value></block></value><statement name="DO5"><block type="sound_saytts"><field name="TEXT">Your score is 5. Amazing! Just Amazing! That is a perfect score! I need to upgrade my difficulty levels</field></block></statement><statement name="ELSE"><block type="sound_saytts"><field name="TEXT">Oops! I forgot to keep your score! Want to try again?</field></block></statement><next><block type="general_sleep"><value name="TIME"><block type="math_number"><field name="NUM">7</field></block></value><next><block type="variables_set"><field name="VAR">State_init</field><value name="VALUE"><block type="logic_boolean"><field name="BOOL">FALSE</field></block></value><next><block type="variables_set"><field name="VAR">State</field><value name="VALUE"><block type="text"><field name="TEXT">END</field></block></value></block></next></block></next></block></next></block></next></block></next></block></next></block></next></block></next></block></next></block></statement></block><block type="general_onquit" x="14" y="396"><statement name="BODY"><block type="servo_enabledisable"><field name="ONOFF">OFF</field></block></statement></block></xml>