<xml xmlns="http://www.w3.org/1999/xhtml"><block type="procedures_defnoreturn" collapsed="true" disabled="true" x="221" y="-533"><field name="NAME">do_START2</field><statement name="STACK"><block type="controls_if"><mutation else="1"></mutation><value name="IF0"><block type="logic_negate"><value name="BOOL"><block type="variables_get"><field name="VAR">State_started</field></block></value></block></value><statement name="DO0"><block type="sound_play"><field name="FILENAME">Hallo_ik_ben_Ono_en_ik_ben_een_sociale_robot.wav</field><next><block type="touch_etouched"><field name="ELECTRODE">1</field><statement name="BODY_TOU"><block type="expression_setekman"><field name="EMOTION">HAPPY</field><next><block type="expression_update"><next><block type="sound_saytts"><field name="TEXT">Nice to meet you!</field></block></next></block></next></block></statement><next><block type="variables_set"><field name="VAR">State_started</field><value name="VALUE"><block type="logic_boolean"><field name="BOOL">TRUE</field></block></value></block></next></block></next></block></statement><statement name="ELSE"><block type="general_sleep"><value name="TIME"><block type="math_number"><field name="NUM">2.0</field></block></value><next><block type="variables_set"><field name="VAR">State</field><value name="VALUE"><block type="text"><field name="TEXT">INTRO _1</field></block></value></block></next></block></statement></block></statement></block><block type="general_onsetup" x="-204" y="-461"><statement name="BODY"><block type="variables_set"><field name="VAR">State</field><value name="VALUE"><block type="text"><field name="TEXT">START</field></block></value><next><block type="variables_set"><field name="VAR">State_started</field><value name="VALUE"><block type="logic_boolean"><field name="BOOL">FALSE</field></block></value><next><block type="variables_set"><field name="VAR">A</field><value name="VALUE"><block type="math_number"><field name="NUM">0</field></block></value><next><block type="variables_set"><field name="VAR">B</field><value name="VALUE"><block type="math_number"><field name="NUM">0</field></block></value><next><block type="variables_set"><field name="VAR">score</field><value name="VALUE"><block type="math_number"><field name="NUM">0</field></block></value><next><block type="touch_init"><field name="ELECTRODE">2</field><next><block type="servo_init"><next><block type="servo_enabledisable"><field name="ONOFF">ON</field><next><block type="expression_setekman"><field name="EMOTION">NEUTRAL</field><next><block type="expression_update"></block></next></block></next></block></next></block></next></block></next></block></next></block></next></block></next></block></next></block></statement></block><block type="procedures_defnoreturn" x="218" y="-464"><field name="NAME">do_START</field><statement name="STACK"><block type="controls_if"><value name="IF0"><block type="logic_negate"><value name="BOOL"><block type="variables_get"><field name="VAR">State_started</field></block></value></block></value><statement name="DO0"><block type="controls_if"><value name="IF0"><block type="logic_compare"><field name="OP">GT</field><value name="A"><block type="hardware_readanalog"><field name="CHANNEL">1</field></block></value><value name="B"><block type="math_number"><field name="NUM">1000</field></block></value></block></value><statement name="DO0"><block type="math_change"><field name="VAR">A</field><value name="DELTA"><block type="math_number"><field name="NUM">1</field></block></value><next><block type="controls_if"><value name="IF0"><block type="logic_compare"><field name="OP">GTE</field><value name="A"><block type="variables_get"><field name="VAR">A</field></block></value><value name="B"><block type="math_number"><field name="NUM">1</field></block></value></block></value><statement name="DO0"><block type="expression_setekman"><field name="EMOTION">HAPPY</field><next><block type="expression_update"><next><block type="sound_saytts"><field name="TEXT">A is working</field></block></next></block></next></block></statement><next><block type="general_sleep"><value name="TIME"><block type="math_number"><field name="NUM">1</field></block></value></block></next></block></next></block></statement></block></statement><next><block type="controls_if"><value name="IF0"><block type="logic_compare"><field name="OP">GT</field><value name="A"><block type="hardware_readanalog"><field name="CHANNEL">0</field></block></value><value name="B"><block type="math_number"><field name="NUM">1000</field></block></value></block></value><statement name="DO0"><block type="math_change"><field name="VAR">B</field><value name="DELTA"><block type="math_number"><field name="NUM">1</field></block></value><next><block type="controls_if"><value name="IF0"><block type="logic_compare"><field name="OP">GTE</field><value name="A"><block type="variables_get"><field name="VAR">B</field></block></value><value name="B"><block type="math_number"><field name="NUM">1</field></block></value></block></value><statement name="DO0"><block type="expression_setekman"><field name="EMOTION">SURPRISE</field><next><block type="expression_update"><next><block type="sound_saytts"><field name="TEXT">Bee is working</field><next><block type="general_sleep"><value name="TIME"><block type="math_number"><field name="NUM">1</field></block></value></block></next></block></next></block></next></block></statement><next><block type="variables_set"><field name="VAR">State_started</field><value name="VALUE"><block type="logic_boolean"><field name="BOOL">TRUE</field></block></value><next><block type="variables_set"><field name="VAR">State</field><value name="VALUE"><block type="text"><field name="TEXT">INTRO_1</field></block></value></block></next></block></next></block></next></block></statement></block></next></block></statement></block><block type="procedures_defnoreturn" x="755" y="-470"><field name="NAME">do_INTRO_1</field><statement name="STACK"><block type="controls_if"><value name="IF0"><block type="variables_get"><field name="VAR">State_started</field></block></value><statement name="DO0"><block type="sound_saytts"><field name="TEXT">We are going to play a game; You can answer by the buttons Aa and Bee</field><next><block type="variables_set"><field name="VAR">State</field><value name="VALUE"><block type="text"><field name="TEXT">INTRO_2</field></block></value><next><block type="controls_if"><mutation elseif="1"></mutation><value name="IF0"><block type="logic_compare"><field name="OP">GT</field><value name="A"><block type="hardware_readanalog"><field name="CHANNEL">1</field></block></value><value name="B"><block type="math_number"><field name="NUM">1000</field></block></value></block></value><statement name="DO0"><block type="sound_play"><field name="FILENAME">smb_coin.wav</field><next><block type="math_change"><field name="VAR">score</field><value name="DELTA"><block type="math_number"><field name="NUM">1</field></block></value></block></next></block></statement><value name="IF1"><block type="logic_compare"><field name="OP">GT</field><value name="A"><block type="hardware_readanalog"><field name="CHANNEL">0</field></block></value><value name="B"><block type="math_number"><field name="NUM">1000</field></block></value></block></value><statement name="DO1"><block type="sound_play"><field name="FILENAME">smb3_jump.wav</field></block></statement></block></next></block></next></block></statement></block></statement></block><block type="general_onloop" x="-206" y="-123"><statement name="BODY"><block type="controls_if"><mutation elseif="2"></mutation><value name="IF0"><block type="logic_compare"><field name="OP">EQ</field><value name="A"><block type="variables_get"><field name="VAR">State</field></block></value><value name="B"><block type="text"><field name="TEXT">START</field></block></value></block></value><statement name="DO0"><block type="procedures_callnoreturn"><mutation name="do_START"></mutation></block></statement><value name="IF1"><block type="logic_compare"><field name="OP">EQ</field><value name="A"><block type="variables_get"><field name="VAR">State</field></block></value><value name="B"><block type="text"><field name="TEXT">INTRO _1</field></block></value></block></value><statement name="DO1"><block type="procedures_callnoreturn"><mutation name="do_INTRO_1"></mutation></block></statement><value name="IF2"><block type="logic_compare"><field name="OP">EQ</field><value name="A"><block type="variables_get"><field name="VAR">State</field></block></value><value name="B"><block type="text"><field name="TEXT">INTRO _2</field></block></value></block></value><statement name="DO2"><block type="procedures_callnoreturn"><mutation name="do_INTRO_2"></mutation></block></statement></block></statement></block><block type="procedures_defnoreturn" x="756" y="-132"><field name="NAME">do_INTRO_2</field><statement name="STACK"><block type="controls_if"><value name="IF0"><block type="logic_negate"><value name="BOOL"><block type="variables_get"><field name="VAR">State_started</field></block></value></block></value><statement name="DO0"><block type="sound_play"><field name="FILENAME">smb3_jump.wav</field><next><block type="controls_if"><mutation elseif="1"></mutation><value name="IF0"><block type="logic_compare"><field name="OP">GT</field><value name="A"><block type="hardware_readanalog"><field name="CHANNEL">1</field></block></value><value name="B"><block type="math_number"><field name="NUM">1000</field></block></value></block></value><statement name="DO0"><block type="expression_setekman"><field name="EMOTION">ANGRY</field><next><block type="expression_update"><next><block type="sound_saytts"><field name="TEXT">boe</field></block></next></block></next></block></statement><value name="IF1"><block type="logic_compare"><field name="OP">GT</field><value name="A"><block type="hardware_readanalog"><field name="CHANNEL">0</field></block></value><value name="B"><block type="math_number"><field name="NUM">1000</field></block></value></block></value><statement name="DO1"><block type="expression_setekman"><field name="EMOTION">SURPRISE</field><next><block type="expression_update"><next><block type="sound_saytts"><field name="TEXT">wowiewow</field></block></next></block></next></block></statement></block></next></block></statement></block></statement></block><block type="general_onquit" x="-206" y="148"><statement name="BODY"><block type="servo_enabledisable"><field name="ONOFF">OFF</field></block></statement></block><block type="sound_play" disabled="true" x="229" y="193"><field name="FILENAME">Hallo_ik_ben_Ono_en_ik_ben_een_sociale_robot.wav</field></block><block type="general_onquit" disabled="true" x="1434" y="130"><statement name="BODY"><block type="sound_saytts"><field name="TEXT"> Your score is:</field><next><block type="text_append"><field name="VAR">score</field><value name="TEXT"><block type="text"><field name="TEXT">Dit + hoe knop laten doen dat script eindigt?</field></block></value></block></next></block></statement></block></xml>