<xml xmlns="http://www.w3.org/1999/xhtml"><block type="general_onsetup" x="27" y="15"><statement name="BODY"><block type="interface_init"><next><block type="interface_addbutton"><field name="NAME">Smile!</field><field name="ICON">fa-smile-o</field><next><block type="interface_addbutton"><field name="NAME">Neutral</field><field name="ICON">fa-meh-o</field><next><block type="servo_init"><next><block type="expression_setekman"><field name="EMOTION">NEUTRAL</field><next><block type="expression_update"><next><block type="servo_enabledisable"><field name="ONOFF">ON</field></block></next></block></next></block></next></block></next></block></next></block></next></block></statement></block><block type="general_onloop" x="402" y="12"><statement name="BODY"><block type="interface_buttonpress"><field name="BUTTON">Smile!</field><field name="PR_REL">PRESSED</field><statement name="BODY"><block type="expression_setekman"><field name="EMOTION">HAPPY</field><next><block type="expression_update"></block></next></block></statement><next><block type="interface_buttonpress"><field name="BUTTON">Neutral</field><field name="PR_REL">PRESSED</field><statement name="BODY"><block type="expression_setekman"><field name="EMOTION">NEUTRAL</field><next><block type="expression_update"></block></next></block></statement></block></next></block></statement></block><block type="general_onquit" x="30" y="313"><statement name="BODY"><block type="servo_enabledisable"><field name="ONOFF">OFF</field></block></statement></block></xml>