<xml xmlns="http://www.w3.org/1999/xhtml"><block type="general_onsetup" id="mIwSTD9.X]8iXE?(W|46" x="10" y="10"><statement name="BODY"><block type="interface_init" id="`l$yn3qrS3#+fod6?9|J"><next><block type="interface_addbutton" id="SBevmw*a2?9WU3^XL|mV"><field name="NAME">stop script</field><field name="ICON">fa-icon-rocket</field><next><block type="sociono_get_tweet" id="DD=nJ99!}sgt}XAx32Vk"><field name="filter">#opsoro</field></block></next></block></next></block></statement></block><block type="general_onloop" id="R3~LUUJ)swWHYC`y|ewO" x="10" y="170"><statement name="BODY"><block type="interface_buttonpress" id="~)88^gParEZhJkoS^N]M"><field name="BUTTON">stop script</field><field name="PR_REL">PRESSED</field><statement name="BODY"><block type="sociono_stop_stream" id="wS+?UogJUIYjL7a!,Sl5"></block></statement></block></statement></block></xml>