<xml xmlns="http://www.w3.org/1999/xhtml"><block type="general_onloop" id="H6@/yNe^:v7x96z_/LIC" x="350" y="10"><statement name="BODY"><block type="interface_buttonpress" id="Y0:AS)7RLQD0Po43U#g?"><field name="BUTTON">hashtag 1</field><field name="PR_REL">PRESSED</field><statement name="BODY"><block type="variables_set" id="pV`PCYj-eJR3*J~A2z.5"><field name="VAR">hashtag</field><value name="VALUE"><block type="text" id="0Pu{709kY*E%9P)7Cn9e"><field name="TEXT">#trump</field></block></value><next><block type="text_print" id="3z6469b~#^Vv}73k^f*n"><value name="TEXT"><block type="variables_get" id="V9mmj(!YhdUX6)W6+n2^"><field name="VAR">hashtag</field></block></value></block></next></block></statement><next><block type="interface_buttonpress" id="V%y[sVZL5bdJjdQN(bG}"><field name="BUTTON">hashtag 2</field><field name="PR_REL">PRESSED</field><statement name="BODY"><block type="variables_set" id="zG-7}7;fzI_7?@twbFp/"><field name="VAR">hashtag</field><value name="VALUE"><block type="text" id="SdwfLvn05U`v@-|BC15j"><field name="TEXT">#opsoro</field></block></value><next><block type="text_print" id="VUMPP]i02f}HM$Eih^ac"><value name="TEXT"><block type="variables_get" id="a75A)l[DKU|=!/+KZdhG"><field name="VAR">hashtag</field></block></value></block></next></block></statement><next><block type="interface_buttonpress" id="hoRpb/j6#_,eVa/PZT$o"><field name="BUTTON">hashtag 3</field><field name="PR_REL">PRESSED</field><statement name="BODY"><block type="variables_set" id=".na8%oRfuOj){^jz8XyD"><field name="VAR">hashtag</field><value name="VALUE"><block type="text" id="i|G71)kg,GkV9pS|S60!"><field name="TEXT">#southpark</field></block></value><next><block type="text_print" id="Ci{tgLas,[8BITp)v%HQ"><value name="TEXT"><block type="variables_get" id="Ur;oMo$xc.!2=^xx{g@w"><field name="VAR">hashtag</field></block></value></block></next></block></statement><next><block type="interface_buttonpress" id="zv3x*lV@QRFU?N8h?cnn"><field name="BUTTON">hashtag 4</field><field name="PR_REL">PRESSED</field><statement name="BODY"><block type="variables_set" id="ttLT/s:jhRuuVWbnn]So"><field name="VAR">hashtag</field><value name="VALUE"><block type="text" id="hU=%c%PqYG%T~B)pXt5l"><field name="TEXT">#america</field></block></value><next><block type="text_print" id="UL9`%G-)g+zNR=$6q!Y:"><value name="TEXT"><block type="variables_get" id="LvpUD@E$[k?rPV7tnYn?"><field name="VAR">hashtag</field></block></value></block></next></block></statement><next><block type="interface_buttonpress" id="B]$o,{H[T38v_GCV7TLC"><field name="BUTTON">go</field><field name="PR_REL">PRESSED</field><statement name="BODY"><block type="text_print" id="FrNH+wR)r6O^Q:lWEYhq"><value name="TEXT"><block type="variables_get" id="J61;{%5u5Z-Z,@?i|[i/"><field name="VAR">hashtag</field></block></value><next><block type="sociono_get_tweet" id=".C2r6Bw~c^umvD:L_-=u"><value name="value"><block type="variables_get" id="fj_3]?dkjh_SKOJgiL3)"><field name="VAR">hashtag</field></block></value></block></next></block></statement></block></next></block></next></block></next></block></next></block></statement></block><block type="general_onsetup" id="?siLIKC[bpo~SALdDKFw" x="-71" y="47"><statement name="BODY"><block type="interface_init" id="V|x#/dYnKlrk^y+G#fJ6"><next><block type="interface_addbutton" id="deNub,VQ5dp|FB}g7JU:"><field name="NAME">hashtag 1</field><field name="ICON">fa-heart</field><next><block type="interface_addbutton" id="%8gPU5P1h$G;:?QvW6uj"><field name="NAME">hashtag 2</field><field name="ICON">fa-heart</field><next><block type="interface_addbutton" id="BjNzO9RmkcnWHi;Z1lYz"><field name="NAME">hashtag 3</field><field name="ICON">fa-heart</field><next><block type="interface_addbutton" id="Uo*{_i-Gg^,Hr%!Im7o*"><field name="NAME">hashtag 4</field><field name="ICON">fa-heart</field><next><block type="interface_addbutton" id="IcQTer0c!^3s-iwSD}5P"><field name="NAME">go</field><field name="ICON">fa-heart</field></block></next></block></next></block></next></block></next></block></next></block></statement></block><block type="general_onquit" id="v|2!|rPzCOxKi*`Q~n:1" x="-50" y="330"><statement name="BODY"><block type="sociono_stop_stream" id="cYV685oX3^0Q?-qY.Y)o"></block></statement></block></xml>