<xml xmlns="http://www.w3.org/1999/xhtml"><block type="general_onsetup" x="12" y="22"><statement name="BODY"><block type="variables_set"><field name="VAR">State</field><value name="VALUE"><block type="text"><field name="TEXT">START</field></block></value><next><block type="variables_set"><field name="VAR">State_started</field><value name="VALUE"><block type="logic_boolean"><field name="BOOL">FALSE</field></block></value></block></next></block></statement></block><block type="procedures_defnoreturn" x="484" y="26"><field name="NAME">do_START</field><statement name="STACK"><block type="controls_if"><value name="IF0"><block type="logic_negate"><value name="BOOL"><block type="variables_get"><field name="VAR">State_started</field></block></value></block></value><statement name="DO0"><block type="sound_saytts"><field name="TEXT">I am a robot!</field><next><block type="variables_set"><field name="VAR">State_started</field><value name="VALUE"><block type="logic_boolean"><field name="BOOL">TRUE</field></block></value></block></next></block></statement></block></statement></block><block type="procedures_defnoreturn" x="878" y="34"><field name="NAME">do_SAY</field><statement name="STACK"><block type="variables_set"><field name="VAR">State</field><value name="VALUE"><block type="text"><field name="TEXT">LED_BLINK</field></block></value></block></statement></block><block type="procedures_defnoreturn" x="1197" y="35"><field name="NAME">do_LED_BLINK</field></block><block type="general_onloop" x="14" y="165"><statement name="BODY"><block type="controls_if"><mutation elseif="2"></mutation><value name="IF0"><block type="logic_compare"><field name="OP">EQ</field><value name="A"><block type="variables_get"><field name="VAR">State</field></block></value><value name="B"><block type="text"><field name="TEXT">START</field></block></value></block></value><statement name="DO0"><block type="procedures_callnoreturn"><mutation name="do_START"></mutation></block></statement><value name="IF1"><block type="logic_compare"><field name="OP">EQ</field><value name="A"><block type="variables_get"><field name="VAR">State</field></block></value><value name="B"><block type="text"><field name="TEXT">SAY</field></block></value></block></value><statement name="DO1"><block type="procedures_callnoreturn"><mutation name="do_SAY"></mutation></block></statement><value name="IF2"><block type="logic_compare"><field name="OP">EQ</field><value name="A"><block type="variables_get"><field name="VAR">State</field></block></value><value name="B"><block type="text"><field name="TEXT">LED_BLINK</field></block></value></block></value><statement name="DO2"><block type="procedures_callnoreturn"><mutation name="do_LED_BLINK"></mutation></block></statement></block></statement></block></xml>