<xml xmlns="http://www.w3.org/1999/xhtml"><block type="general_onsetup" x="31" y="10"><statement name="BODY"><block type="servo_init"><next><block type="servo_enabledisable"><field name="ONOFF">ON</field><next><block type="touch_init"><field name="ELECTRODE">12</field></block></next></block></next></block></statement></block><block type="general_onloop" x="347" y="5"><statement name="BODY"><block type="touch_etouched"><field name="ELECTRODE">1</field><statement name="BODY_TOU"><block type="expression_setekman"><field name="EMOTION">SURPRISE</field><next><block type="sound_play"><field name="FILENAME">Ahhh-surprise.wav</field></block></next></block></statement><statement name="BODY_REL"><block type="expression_setekman"><field name="EMOTION">NEUTRAL</field></block></statement><next><block type="touch_etouched"><field name="ELECTRODE">4</field><statement name="BODY_TOU"><block type="expression_setekman"><field name="EMOTION">ANGRY</field><next><block type="sound_play"><field name="FILENAME">1_ohhh_no.wav</field></block></next></block></statement><statement name="BODY_REL"><block type="expression_setekman"><field name="EMOTION">NEUTRAL</field></block></statement><next><block type="touch_etouched"><field name="ELECTRODE">7</field><statement name="BODY_TOU"><block type="expression_setekman"><field name="EMOTION">HAPPY</field><next><block type="sound_play"><field name="FILENAME">Woohoo.wav</field></block></next></block></statement><statement name="BODY_REL"><block type="expression_setekman"><field name="EMOTION">NEUTRAL</field></block></statement><next><block type="expression_update"></block></next></block></next></block></next></block></statement></block><block type="general_onquit" x="36" y="156"><statement name="BODY"><block type="servo_enabledisable"><field name="ONOFF">OFF</field></block></statement></block></xml>